<?xml version="1.0" encoding="UTF-8"?>
<?xml-stylesheet type="text/xsl" media="screen" href="/~d/styles/rss2full.xsl"?><?xml-stylesheet type="text/css" media="screen" href="http://feeds.feedburner.com/~d/styles/itemcontent.css"?><rss xmlns:content="http://purl.org/rss/1.0/modules/content/" xmlns:wfw="http://wellformedweb.org/CommentAPI/" xmlns:dc="http://purl.org/dc/elements/1.1/" xmlns:atom="http://www.w3.org/2005/Atom" xmlns:sy="http://purl.org/rss/1.0/modules/syndication/" xmlns:slash="http://purl.org/rss/1.0/modules/slash/" xmlns:feedburner="http://rssnamespace.org/feedburner/ext/1.0" version="2.0">

<channel>
    <title>Ajaxian » Front Page</title>
    
    <link>http://ajaxian.com</link>
    <description>Cleaning up the web with Ajax</description>
    <lastBuildDate>Sun, 13 Nov 2011 00:04:13 +0000</lastBuildDate>
    <language>en</language>
    <sy:updatePeriod>hourly</sy:updatePeriod>
    <sy:updateFrequency>1</sy:updateFrequency>
        <generator>http://wordpress.org/?v=3.2</generator>
        <feedburner:info uri="ajaxian" /><atom10:link xmlns:atom10="http://www.w3.org/2005/Atom" rel="hub" href="http://pubsubhubbub.appspot.com/" /><atom10:link xmlns:atom10="http://www.w3.org/2005/Atom" rel="self" type="application/rss+xml" href="http://ajaxian.com/index.xml" /><feedburner:browserFriendly>This is an XML content feed. It is intended to be viewed in a newsreader or syndicated to another site, subject to copyright and fair use.</feedburner:browserFriendly><item>
        <title>Adobe to forgo Flash plug-in for mobile devices</title>
        <link>http://feedproxy.google.com/~r/ajaxian/~3/I2ujJM6rSQs/adobe-to-forgo-flash-plug-in-for-mobile-devices</link>
        <comments>http://ajaxian.com/archives/adobe-to-forgo-flash-plug-in-for-mobile-devices#comments</comments>
        <pubDate>Sun, 13 Nov 2011 00:04:13 +0000</pubDate>
        <author>jvaughan</author>
                <category><![CDATA[Flash]]></category>
        <category><![CDATA[Front Page]]></category>
        <category><![CDATA[html5]]></category>

        <guid isPermaLink="false">http://ajaxian.com/?p=10747</guid>
        <description><![CDATA[Earlier this week, Adobe VP and General Manager Danny Winokur disclosed that the company has concluded that HTML5 is &#8221;the best solution for creating and deploying content in the browser across mobile platforms.&#8221; The company said it would stop building Flash to run on mobile browsers. In a blog post on the new focus of <a href="http://ajaxian.com/archives/adobe-to-forgo-flash-plug-in-for-mobile-devices">Read the rest...</a>]]></description>
            <content><![CDATA[<p>Earlier this week, Adobe VP and General Manager Danny Winokur disclosed that the company has concluded that HTML5 is &#8221;the best solution for creating and deploying content in the browser across mobile platforms.&#8221; The company said it would stop building Flash to run on mobile browsers. In a <a href="http://blogs.adobe.com/conversations/2011/11/flash-focus.html">blog post on the new focus of Flash strategy</a>, Winokur wrote:</p>
<blockquote><p>Our future work with Flash on mobile devices will be focused on enabling Flash developers to package native apps with Adobe AIR for all the major app stores.  We will no longer continue to develop Flash Player in the browser to work with new mobile device configurations (chipset, browser, OS version, etc.) following the upcoming release of Flash Player 11.1 for Android and BlackBerry PlayBook.</p></blockquote>
<p>While Flash 12 work is said to be underway, many observers have wondered if this potentially marks the beginning of the end for Flash, which has been reeling since Apple refused to support it on iPhone and similar of its mobile devices.</p>
<p>Adobe&#8217;s Michael Chambers, principal product manager for developer relations, has responded to the general concern with a <a href="http://www.mikechambers.com/blog/2011/11/11/clarifications-on-flash-player-for-mobile-browsers-the-flash-platform-and-the-future-of-flash/">clarifying blog post, that includes a discussions of reasons for the move to quit the Flash-on-mobile-browser tact</a>. In a post yesterday Chambers writes:</p>
<blockquote><p>&#8230; given the fragmentation of the mobile market, and the fact that one of the leading mobile platforms (Apple’s iOS) was not going to allow the Flash Player in the browser, the Flash Player was not on track to reach anywhere near the ubiquity of the Flash Player on desktops.</p></blockquote>
<p>Also, it seems, the task of porting the plug in to innumerable mobile OSes and device types put a lot of pressure on Adobe development t efforts. &#8221;For each new device, browser and operating system released, the resources required to develop, test and maintain the Flash Player also increases. This is something that we realized is simply not scalable or sustainable,&#8221; wrote Chambers.</p>
<div class="feedflare">
<a href="http://feeds.feedburner.com/~ff/ajaxian?a=I2ujJM6rSQs:UvXxCiE6HxM:yIl2AUoC8zA"><img src="http://feeds.feedburner.com/~ff/ajaxian?d=yIl2AUoC8zA" border="0"></img></a> <a href="http://feeds.feedburner.com/~ff/ajaxian?a=I2ujJM6rSQs:UvXxCiE6HxM:7Q72WNTAKBA"><img src="http://feeds.feedburner.com/~ff/ajaxian?d=7Q72WNTAKBA" border="0"></img></a> <a href="http://feeds.feedburner.com/~ff/ajaxian?a=I2ujJM6rSQs:UvXxCiE6HxM:D7DqB2pKExk"><img src="http://feeds.feedburner.com/~ff/ajaxian?i=I2ujJM6rSQs:UvXxCiE6HxM:D7DqB2pKExk" border="0"></img></a>
</div>]]></content>
            <wfw:commentRss>http://ajaxian.com/archives/adobe-to-forgo-flash-plug-in-for-mobile-devices/feed</wfw:commentRss>
        <slash:comments>0</slash:comments>
        <feedburner:origLink>http://ajaxian.com/archives/adobe-to-forgo-flash-plug-in-for-mobile-devices</feedburner:origLink></item>
        <item>
        <title>Intel’s Parallel Extensions for JavaScript</title>
        <link>http://feedproxy.google.com/~r/ajaxian/~3/jf_aTxFfWn0/intels-parallel-extensions-for-javascript</link>
        <comments>http://ajaxian.com/archives/intels-parallel-extensions-for-javascript#comments</comments>
        <pubDate>Sat, 08 Oct 2011 17:38:07 +0000</pubDate>
        <author>jvaughan</author>
                <category><![CDATA[Front Page]]></category>
        <category><![CDATA[JavaScript]]></category>

        <guid isPermaLink="false">http://ajaxian.com/?p=10736</guid>
        <description><![CDATA[Intel&#8217;s Parallel Extensions for JavaScript, code named River Trail, hooks into on-chip vector extensions to improve performance of Web applications. Details of Intel&#8217;s attempt to get on the JavaScript juggernaut emerged last month at its developer event. The prototype JavaScript extension offered by Intel is intended to allow JavaScript apps to take advantage of modern parallel <a href="http://ajaxian.com/archives/intels-parallel-extensions-for-javascript">Read the rest...</a>]]></description>
            <content><![CDATA[<p>Intel&#8217;s Parallel Extensions for JavaScript, code named River Trail, hooks into on-chip vector extensions to improve performance of Web applications. Details of Intel&#8217;s attempt to get on the JavaScript juggernaut emerged last month at its developer event.</p>
<p>The prototype JavaScript extension offered by Intel is intended to allow JavaScript apps to take advantage of modern parallel chip capabilities. Sequential gives way to parallel, at least in theory.</p>
<p>In-browser games and image editing are pitched as examples of application elements that would take advantage of new eight-core processors, <a href="http://blogs.intel.com/research/2011/09/pjs.php">blogs Intel&#8217;s Stephan Herhut</a>.The software is said to &#8221;play nicely&#8221; with the WebGL JavaScript API to OpenGL for 3D visualization in the browser. Intel has a beta Firefox extension for interested developers. Says Herhut:</p>
<blockquote><p><em>You can <a href="https://github.com/downloads/RiverTrail/RiverTrail/rivertrail.xpi">download a prebuilt version</a> for Windows and 64 Bit MacOS [from github] or build it yourself. For the latter, we have written a <a href="https://github.com/RiverTrail/RiverTrail/tree/master/extension">README</a> that explains the process. Once you have the extension installed, take a look at our <a href="https://github.com/RiverTrail/RiverTrail/tree/master/examples">demos</a> to see what is possible.</em></p></blockquote>
<p>Why should the browser be a second fiddle to the operating system? As browsers, JavaScript, and HTML5 gain more influence, top-tier chip makers will start to adapt their libraries to Web application demands. More, including material on <a href="https://github.com/RiverTrail/RiverTrail/wiki/Three-Pillars-of-the-API">API design</a> or the beginnings of  <a href="https://github.com/RiverTrail/RiverTrail/wiki/ParallelArray">API documentation</a>, is on a <a href="https://github.com/RiverTrail/RiverTrail/wiki">RiverTrail wiki</a>.</p>
<div class="feedflare">
<a href="http://feeds.feedburner.com/~ff/ajaxian?a=jf_aTxFfWn0:EXYKAxug3W0:yIl2AUoC8zA"><img src="http://feeds.feedburner.com/~ff/ajaxian?d=yIl2AUoC8zA" border="0"></img></a> <a href="http://feeds.feedburner.com/~ff/ajaxian?a=jf_aTxFfWn0:EXYKAxug3W0:7Q72WNTAKBA"><img src="http://feeds.feedburner.com/~ff/ajaxian?d=7Q72WNTAKBA" border="0"></img></a> <a href="http://feeds.feedburner.com/~ff/ajaxian?a=jf_aTxFfWn0:EXYKAxug3W0:D7DqB2pKExk"><img src="http://feeds.feedburner.com/~ff/ajaxian?i=jf_aTxFfWn0:EXYKAxug3W0:D7DqB2pKExk" border="0"></img></a>
</div>]]></content>
            <wfw:commentRss>http://ajaxian.com/archives/intels-parallel-extensions-for-javascript/feed</wfw:commentRss>
        <slash:comments>1</slash:comments>
        <feedburner:origLink>http://ajaxian.com/archives/intels-parallel-extensions-for-javascript</feedburner:origLink></item>
        <item>
        <title>Adobe buys Nitobi</title>
        <link>http://feedproxy.google.com/~r/ajaxian/~3/8XG_vsBtafk/adobe-buys-nitobi</link>
        <comments>http://ajaxian.com/archives/adobe-buys-nitobi#comments</comments>
        <pubDate>Wed, 05 Oct 2011 01:52:57 +0000</pubDate>
        <author>jvaughan</author>
                <category><![CDATA[Front Page]]></category>
        <category><![CDATA[html5]]></category>
        <category><![CDATA[JavaScript]]></category>
        <category><![CDATA[Mobile]]></category>

        <guid isPermaLink="false">http://ajaxian.com/?p=10731</guid>
        <description><![CDATA[As it kicked off its yearly developer event, Adobe announced that it had acquired Nitobi Software, maker of PhoneGap open source software for cross-platform mobile application building with HTML5 and JavaScript. In a blog, Nitobi CEO Andre Charland pledged to pursue donation of the PhoneGap code to the Apache Software Foundation &#8221;to ensure open stewardship <a href="http://ajaxian.com/archives/adobe-buys-nitobi">Read the rest...</a>]]></description>
            <content><![CDATA[<p>As it kicked off its yearly developer event, Adobe announced that it had acquired Nitobi Software, maker of PhoneGap open source software for cross-platform mobile application building with HTML5 and JavaScript. <a href="http://blogs.nitobi.com/andre/index.php/2011/10/04/nitobi-and-phonegaps-new-home-at-adobe/">In a blog, Nitobi CEO Andre Charland pledged to pursue donation of the PhoneGap code to the Apache Software Foundation </a>&#8221;to ensure open stewardship of the project over the long term.&#8221; In a statement, he said Nitobi and Adobe shared the same philosophy about enabling mobile and Web applications. Dave Johnson, Nitobi CTO said: Adobe was fully supportive of the decision to take PhoneGap to the Apache Software Foundation.</p>
<div class="feedflare">
<a href="http://feeds.feedburner.com/~ff/ajaxian?a=8XG_vsBtafk:_Iaf5dU_hLA:yIl2AUoC8zA"><img src="http://feeds.feedburner.com/~ff/ajaxian?d=yIl2AUoC8zA" border="0"></img></a> <a href="http://feeds.feedburner.com/~ff/ajaxian?a=8XG_vsBtafk:_Iaf5dU_hLA:7Q72WNTAKBA"><img src="http://feeds.feedburner.com/~ff/ajaxian?d=7Q72WNTAKBA" border="0"></img></a> <a href="http://feeds.feedburner.com/~ff/ajaxian?a=8XG_vsBtafk:_Iaf5dU_hLA:D7DqB2pKExk"><img src="http://feeds.feedburner.com/~ff/ajaxian?i=8XG_vsBtafk:_Iaf5dU_hLA:D7DqB2pKExk" border="0"></img></a>
</div>]]></content>
            <wfw:commentRss>http://ajaxian.com/archives/adobe-buys-nitobi/feed</wfw:commentRss>
        <slash:comments>1</slash:comments>
        <feedburner:origLink>http://ajaxian.com/archives/adobe-buys-nitobi</feedburner:origLink></item>
        <item>
        <title>A simple random bit on var selector</title>
        <link>http://feedproxy.google.com/~r/ajaxian/~3/lYML1fRyKBE/a-simple-random-bit-on-var-selector</link>
        <comments>http://ajaxian.com/archives/a-simple-random-bit-on-var-selector#comments</comments>
        <pubDate>Wed, 10 Aug 2011 00:26:21 +0000</pubDate>
        <author>jvaughan</author>
                <category><![CDATA[CSS]]></category>
        <category><![CDATA[Front Page]]></category>
        <category><![CDATA[jQuery]]></category>

        <guid isPermaLink="false">http://ajaxian.com/?p=10719</guid>
        <description><![CDATA[Isobar&#8217;s Rob Larsen suggests that there is often a need to build CSS selectors dynamically when building applications. &#8221;This is typically some existing pattern paired with a loop counter or something pulled from a data attribute,&#8221; he writes on his blog. His choice is to create a variable called &#8221;selector&#8221; and &#8221;to craft the selector <a href="http://ajaxian.com/archives/a-simple-random-bit-on-var-selector">Read the rest...</a>]]></description>
            <content><![CDATA[<p>Isobar&#8217;s Rob Larsen suggests that there is often a need to build CSS selectors dynamically when building applications. &#8221;This is typically some existing pattern paired with a loop counter or something pulled from a data attribute,&#8221; he writes on his <a href="http://htmlcssjavascript.com/javascript/var-selector/">blog</a>. His choice is to create a variable called &#8221;selector&#8221; and &#8221;to craft the selector on its own line.&#8221; This is then passed into jQuery. He shows <a href="http://htmlcssjavascript.com/javascript/var-selector/">a simple example</a>.</p>
<div class="feedflare">
<a href="http://feeds.feedburner.com/~ff/ajaxian?a=lYML1fRyKBE:jOuWUAHxqEw:yIl2AUoC8zA"><img src="http://feeds.feedburner.com/~ff/ajaxian?d=yIl2AUoC8zA" border="0"></img></a> <a href="http://feeds.feedburner.com/~ff/ajaxian?a=lYML1fRyKBE:jOuWUAHxqEw:7Q72WNTAKBA"><img src="http://feeds.feedburner.com/~ff/ajaxian?d=7Q72WNTAKBA" border="0"></img></a> <a href="http://feeds.feedburner.com/~ff/ajaxian?a=lYML1fRyKBE:jOuWUAHxqEw:D7DqB2pKExk"><img src="http://feeds.feedburner.com/~ff/ajaxian?i=lYML1fRyKBE:jOuWUAHxqEw:D7DqB2pKExk" border="0"></img></a>
</div>]]></content>
            <wfw:commentRss>http://ajaxian.com/archives/a-simple-random-bit-on-var-selector/feed</wfw:commentRss>
        <slash:comments>11</slash:comments>
        <feedburner:origLink>http://ajaxian.com/archives/a-simple-random-bit-on-var-selector</feedburner:origLink></item>
        <item>
        <title>The power of intent tag discussed</title>
        <link>http://feedproxy.google.com/~r/ajaxian/~3/Uu5Is0JKYzs/the-power-of-intent-tag-discussed</link>
        <comments>http://ajaxian.com/archives/the-power-of-intent-tag-discussed#comments</comments>
        <pubDate>Mon, 11 Jul 2011 00:09:59 +0000</pubDate>
        <author>jvaughan</author>
                <category><![CDATA[Android]]></category>
        <category><![CDATA[Front Page]]></category>
        <category><![CDATA[html5]]></category>

        <guid isPermaLink="false">http://ajaxian.com/?p=10679</guid>
        <description><![CDATA[Google developer advocate Paul Kinlan has detailed his recent work on a lightweight sharing facility using a very simple intent share protocol. Web Intents began life in 2010. Now, Kinlan and company are looking for feedback. Basically, his intent tag is intended to allow users to more easily mix and match favorite plug-in capabilities, freeing <a href="http://ajaxian.com/archives/the-power-of-intent-tag-discussed">Read the rest...</a>]]></description>
            <content><![CDATA[<p>Google developer advocate Paul Kinlan has detailed his recent work on a lightweight sharing facility using a very simple intent share protocol. Web Intents began life in 2010. Now, Kinlan and company are looking for feedback. Basically, his intent tag is intended to allow users to more easily mix and match favorite plug-in capabilities, freeing up developer effort in the meantime.</p>
<p>Resembling in some ways intent attributes in the Android framework, the Intent tag works by signaling to a browser the intent to handle a number of URIs. The tag is meant for spidering.</p>
<p>A user chooses a favored service – say, a &#8221;red-eye remover&#8221; for photo editing. The service loads; Intent data gets passed. The system takes care of service resources.</p>
<p>While somewhat reserved in promoting the power of the intent tag, Kinlan still readily suggests that the Google project could &#8221;fundamentally change and improve the way we build applications on the Web today&#8230;&#8221;</p>
<p>Behind the effort has been a determined push to keep the API very simple. Kinlan describes the effort in a recent blog entitled <a href="http://paul.kinlan.me/web-intents-a-fresh-look">&#8221;Web Intents: A Fresh Look&#8221;</a> and points you to a prototype <a href="https://github.com/PaulKinlan/WebIntents">API on Github</a>. Further details are on <a href="http://webintents.org/share">http://webintents.org/share</a>.</p>
<div class="feedflare">
<a href="http://feeds.feedburner.com/~ff/ajaxian?a=Uu5Is0JKYzs:_WT6cxh-nk4:yIl2AUoC8zA"><img src="http://feeds.feedburner.com/~ff/ajaxian?d=yIl2AUoC8zA" border="0"></img></a> <a href="http://feeds.feedburner.com/~ff/ajaxian?a=Uu5Is0JKYzs:_WT6cxh-nk4:7Q72WNTAKBA"><img src="http://feeds.feedburner.com/~ff/ajaxian?d=7Q72WNTAKBA" border="0"></img></a> <a href="http://feeds.feedburner.com/~ff/ajaxian?a=Uu5Is0JKYzs:_WT6cxh-nk4:D7DqB2pKExk"><img src="http://feeds.feedburner.com/~ff/ajaxian?i=Uu5Is0JKYzs:_WT6cxh-nk4:D7DqB2pKExk" border="0"></img></a>
</div>]]></content>
            <wfw:commentRss>http://ajaxian.com/archives/the-power-of-intent-tag-discussed/feed</wfw:commentRss>
        <slash:comments>3</slash:comments>
        <feedburner:origLink>http://ajaxian.com/archives/the-power-of-intent-tag-discussed</feedburner:origLink></item>
        <item>
        <title>Code injection, error throwing</title>
        <link>http://feedproxy.google.com/~r/ajaxian/~3/XoRuVQdcKAk/code-injection-error-throwing</link>
        <comments>http://ajaxian.com/archives/code-injection-error-throwing#comments</comments>
        <pubDate>Sat, 11 Jun 2011 03:01:12 +0000</pubDate>
        <author>jvaughan</author>
                <category><![CDATA[Chrome]]></category>
        <category><![CDATA[Front Page]]></category>
        <category><![CDATA[Testing]]></category>

        <guid isPermaLink="false">http://ajaxian.com/?p=10673</guid>
        <description><![CDATA[In a blog, Opera Software Developer Relations team member Tiffany B. Brown looks at code injection, error throwing and handling and mobile debugging. She notes Opera Dragonfly and its remote debug features provide a way to debug mobile sites from their desktop. Brown mentions WebKit&#8217;s recently added remote debugging capabilities, folded into Google Chrome developer <a href="http://ajaxian.com/archives/code-injection-error-throwing">Read the rest...</a>]]></description>
            <content><![CDATA[<p>In a blog, Opera Software Developer Relations team member Tiffany B. Brown looks at <a href="http://www.alistapart.com/articles/modern-debugging-tips-and-tricks/">code injection, error throwing and handling and mobile debugging.</a> She notes Opera Dragonfly and its remote debug features provide a way to debug mobile sites from their desktop. Brown mentions WebKit&#8217;s recently added remote debugging capabilities, folded into Google Chrome developer tools. Pointed to as well are Bugaboo, an iOS app for Safari-based debugging; JS Console which is available on the Web or as an iOS app; and Weinre for WebKit-based browsers. In this entry, Brown looks more closely at Dragonfly remote debug and JSConsole.</p>
<p> </p>
<p> </p>
<div class="feedflare">
<a href="http://feeds.feedburner.com/~ff/ajaxian?a=XoRuVQdcKAk:6fze09zb6qw:yIl2AUoC8zA"><img src="http://feeds.feedburner.com/~ff/ajaxian?d=yIl2AUoC8zA" border="0"></img></a> <a href="http://feeds.feedburner.com/~ff/ajaxian?a=XoRuVQdcKAk:6fze09zb6qw:7Q72WNTAKBA"><img src="http://feeds.feedburner.com/~ff/ajaxian?d=7Q72WNTAKBA" border="0"></img></a> <a href="http://feeds.feedburner.com/~ff/ajaxian?a=XoRuVQdcKAk:6fze09zb6qw:D7DqB2pKExk"><img src="http://feeds.feedburner.com/~ff/ajaxian?i=XoRuVQdcKAk:6fze09zb6qw:D7DqB2pKExk" border="0"></img></a>
</div>]]></content>
            <wfw:commentRss>http://ajaxian.com/archives/code-injection-error-throwing/feed</wfw:commentRss>
        <slash:comments>5</slash:comments>
        <feedburner:origLink>http://ajaxian.com/archives/code-injection-error-throwing</feedburner:origLink></item>
        <item>
        <title>The State – Sort of – of HTML5 Audio</title>
        <link>http://feedproxy.google.com/~r/ajaxian/~3/XsiAhwWiFKU/the-state-sort-of-of-html5-audio</link>
        <comments>http://ajaxian.com/archives/the-state-sort-of-of-html5-audio#comments</comments>
        <pubDate>Fri, 10 Jun 2011 02:17:34 +0000</pubDate>
        <author>jvaughan</author>
                <category><![CDATA[Front Page]]></category>
        <category><![CDATA[html5]]></category>

        <guid isPermaLink="false">http://ajaxian.com/?p=10671</guid>
        <description><![CDATA[The State &#8211; Sort of &#8211; of HTML5 Audio Scott Schiller discusses the high level of hype around HTML5 and CSS3. The two specs render &#8221;many years of feature hacks redundant by replacing them with native features,&#8221; he writes in an insightful blog. Blogging, he says: CSS3’s border-radius, box-shadow, text-shadow and gradients, and HTML5’s &#60;canvas&#62;, <a href="http://ajaxian.com/archives/the-state-sort-of-of-html5-audio">Read the rest...</a>]]></description>
            <content><![CDATA[<p><a href="http://24ways.org/2010/the-state-of-html5-audio"></a></p>
<p>The State &#8211; Sort of &#8211; of HTML5 Audio</p>
<p>Scott Schiller discusses the high level of hype around HTML5 and CSS3. The two specs render &#8221;many years of feature hacks redundant by replacing them with native features,&#8221; he writes in an <a href="http://24ways.org/2010/the-state-of-html5-audio">insightful blog</a>.</p>
<p>Blogging, he says:</p>
<blockquote><p>CSS3’s border-radius, box-shadow, text-shadow and gradients, and HTML5’s &lt;canvas&gt;, &lt;audio&gt; and &lt;video&gt; are some of the most anticipated features we’ll see put to creative (ab)use as adoption of the ‘new shiny’ grows. Developers jumping on the cutting edge are using subsets of these features to little detriment, in most cases. The more popular CSS features are design flourishes that can degrade nicely, but the current audio and video implementations in particular suffer from a number of annoyances.</p>
</blockquote>
<p>He begs the question: Are we going to see a common format across the major browsers for both audio and video?</p>
<p><a href="http://24ways.org/2010/the-state-of-html5-audio">Check it out!</a></p>
<div class="feedflare">
<a href="http://feeds.feedburner.com/~ff/ajaxian?a=XsiAhwWiFKU:63_3kXbn_2w:yIl2AUoC8zA"><img src="http://feeds.feedburner.com/~ff/ajaxian?d=yIl2AUoC8zA" border="0"></img></a> <a href="http://feeds.feedburner.com/~ff/ajaxian?a=XsiAhwWiFKU:63_3kXbn_2w:7Q72WNTAKBA"><img src="http://feeds.feedburner.com/~ff/ajaxian?d=7Q72WNTAKBA" border="0"></img></a> <a href="http://feeds.feedburner.com/~ff/ajaxian?a=XsiAhwWiFKU:63_3kXbn_2w:D7DqB2pKExk"><img src="http://feeds.feedburner.com/~ff/ajaxian?i=XsiAhwWiFKU:63_3kXbn_2w:D7DqB2pKExk" border="0"></img></a>
</div>]]></content>
            <wfw:commentRss>http://ajaxian.com/archives/the-state-sort-of-of-html5-audio/feed</wfw:commentRss>
        <slash:comments>6</slash:comments>
        <feedburner:origLink>http://ajaxian.com/archives/the-state-sort-of-of-html5-audio</feedburner:origLink></item>
        <item>
        <title>Maqetta to the Dojo Foundation</title>
        <link>http://feedproxy.google.com/~r/ajaxian/~3/O0ixZAXkMj8/maqetta-to-the-dojo-foundation</link>
        <comments>http://ajaxian.com/archives/maqetta-to-the-dojo-foundation#comments</comments>
        <pubDate>Sat, 23 Apr 2011 01:14:14 +0000</pubDate>
        <author>jvaughan</author>
                <category><![CDATA[Front Page]]></category>
        <category><![CDATA[html5]]></category>

        <guid isPermaLink="false">http://ajaxian.com/?p=10547</guid>
        <description><![CDATA[IBM recently announced the open source contribution of Maqetta to the Dojo Foundation. Maqetta provides WYSIWYG authoring of HTML5 user interfaces using drag/drop assembly, and supports both desktop and mobile user interfaces. Maqetta is said to target user experience designers working in teams focused on  HTML5 application development. The Maqetta application runs in the browser. <a href="http://ajaxian.com/archives/maqetta-to-the-dojo-foundation">Read the rest...</a>]]></description>
            <content><![CDATA[<p>IBM recently announced the open source contribution of Maqetta to the Dojo Foundation. Maqetta provides WYSIWYG authoring of HTML5 user interfaces using drag/drop assembly, and supports both desktop and mobile user interfaces.</p>
<p>Maqetta is said to target user experience designers working in teams focused on  HTML5 application development.</p>
<p>The Maqetta application runs in the browser. Features include: a visual page editor for drawing out user interfaces; drag/drop mobile UI authoring within an &#8221;exact-dimension&#8221; device silhouette (e.g., the silhouette of an iPhone) <br />simultaneous editing in either design or source views ; and  a Web-based review and commenting feature where the author can submit a live UI mockup for review by team members.</p>
<p>Maqetta is intended to fill a major hole in the HTML5 &#8221;ecosystem&#8221; around visual tooling. &#8220;Maqetta is a great complement to other initiatives at the Dojo Foundation, particularly our mobile initiatives such as dojox.mobile, Wink Toolkit, EmbedJS, and integration of these with PhoneGap&#8221; said Dylan Schiemann, President at the Dojo Foundation and CEO at SitePen, in a statement.</p>
<p>The Preview 1 release of the Maqetta application is available for the community to use for free at the open source project&#8217;s Web site, <a href="http://maqetta.org/">http://maqetta.org</a></p>
<div class="feedflare">
<a href="http://feeds.feedburner.com/~ff/ajaxian?a=O0ixZAXkMj8:xo7WoKTtfho:yIl2AUoC8zA"><img src="http://feeds.feedburner.com/~ff/ajaxian?d=yIl2AUoC8zA" border="0"></img></a> <a href="http://feeds.feedburner.com/~ff/ajaxian?a=O0ixZAXkMj8:xo7WoKTtfho:7Q72WNTAKBA"><img src="http://feeds.feedburner.com/~ff/ajaxian?d=7Q72WNTAKBA" border="0"></img></a> <a href="http://feeds.feedburner.com/~ff/ajaxian?a=O0ixZAXkMj8:xo7WoKTtfho:D7DqB2pKExk"><img src="http://feeds.feedburner.com/~ff/ajaxian?i=O0ixZAXkMj8:xo7WoKTtfho:D7DqB2pKExk" border="0"></img></a>
</div>]]></content>
            <wfw:commentRss>http://ajaxian.com/archives/maqetta-to-the-dojo-foundation/feed</wfw:commentRss>
        <slash:comments>2</slash:comments>
        <feedburner:origLink>http://ajaxian.com/archives/maqetta-to-the-dojo-foundation</feedburner:origLink></item>
        <item>
        <title>Best Practices for test revisited</title>
        <link>http://feedproxy.google.com/~r/ajaxian/~3/ZV1U8lCnwlI/best-practices-for-test-revisited</link>
        <comments>http://ajaxian.com/archives/best-practices-for-test-revisited#comments</comments>
        <pubDate>Fri, 08 Apr 2011 17:08:30 +0000</pubDate>
        <author>jvaughan</author>
                <category><![CDATA[Ajax]]></category>
        <category><![CDATA[Front Page]]></category>
        <category><![CDATA[Performance]]></category>
        <category><![CDATA[Testing]]></category>

        <guid isPermaLink="false">http://ajaxian.com/?p=10538</guid>
        <description><![CDATA[With Google and their apps like Search, Docs or GMail only a very small time is actually spent in the initial page load, writes Andreas Grabner in a recent blog post. Of course, much time is spent in JavaScript, XHR Calls and DOM Manipulations triggered by user actions. Grabner writes: It is very important to <a href="http://ajaxian.com/archives/best-practices-for-test-revisited">Read the rest...</a>]]></description>
            <content><![CDATA[<p>With Google and their apps like Search, Docs or GMail only a very small time is actually spent in the initial page load, writes <a href="http://blog.dynatrace.com/2011/03/22/testing-and-optimizing-single-page-web-2-0ajax-applications-why-best-practices-alone-dont-work-any-more/">Andreas Grabner in a recent blog post</a>. Of course, much time is spent in JavaScript, XHR Calls and DOM Manipulations triggered by user actions. Grabner writes:</p>
<blockquote><p><em>It is very important to speed up Page Load Time – don’t get me wrong. It is the initial perceived performance by a user who interacts with your site. But it is not all we need to focus on. Most of the time in modern web applications is spent in JavaScript, DOM Manipulations, XHR Calls and Rendering that happen after the initial page load. Automatic verification against Best Practices won’t work here anymore because we have to analyze individual user actions that do totally different things. The way this will work is to analyze the individual user actions, track performance metrics and automate regression detection based on these measured values.</em></p>
</blockquote>
<div class="feedflare">
<a href="http://feeds.feedburner.com/~ff/ajaxian?a=ZV1U8lCnwlI:sbsHQEflHoA:yIl2AUoC8zA"><img src="http://feeds.feedburner.com/~ff/ajaxian?d=yIl2AUoC8zA" border="0"></img></a> <a href="http://feeds.feedburner.com/~ff/ajaxian?a=ZV1U8lCnwlI:sbsHQEflHoA:7Q72WNTAKBA"><img src="http://feeds.feedburner.com/~ff/ajaxian?d=7Q72WNTAKBA" border="0"></img></a> <a href="http://feeds.feedburner.com/~ff/ajaxian?a=ZV1U8lCnwlI:sbsHQEflHoA:D7DqB2pKExk"><img src="http://feeds.feedburner.com/~ff/ajaxian?i=ZV1U8lCnwlI:sbsHQEflHoA:D7DqB2pKExk" border="0"></img></a>
</div>]]></content>
            <wfw:commentRss>http://ajaxian.com/archives/best-practices-for-test-revisited/feed</wfw:commentRss>
        <slash:comments>0</slash:comments>
        <feedburner:origLink>http://ajaxian.com/archives/best-practices-for-test-revisited</feedburner:origLink></item>
        <item>
        <title>Searching for public Orion beta?</title>
        <link>http://feedproxy.google.com/~r/ajaxian/~3/6tc9gRoTV9U/searching-for-public-orion-beta</link>
        <comments>http://ajaxian.com/archives/searching-for-public-orion-beta#comments</comments>
        <pubDate>Mon, 21 Mar 2011 23:09:46 +0000</pubDate>
        <author>jvaughan</author>
                <category><![CDATA[Front Page]]></category>
        <category><![CDATA[Tools]]></category>

        <guid isPermaLink="false">http://ajaxian.com/?p=10536</guid>
        <description><![CDATA[The Eclipse Foundation now offers sign-up access to a beta version of the OrionHub service, a hosted implementation of Orion tools. Orion is an Eclipse initiative to define a browser-based platform for building and integrating web development tools. Key features of Orion include: a fast editor for JavaScript, HTML and CSS development;  a  client-side plugin <a href="http://ajaxian.com/archives/searching-for-public-orion-beta">Read the rest...</a>]]></description>
            <content><![CDATA[<p>The Eclipse Foundation now offers sign-up access to a beta version of the <a href="http://www.eclipse.org/orion/">OrionHub service</a>, a hosted implementation of Orion tools. Orion is an Eclipse initiative to define a browser-based platform for building and integrating web development tools. Key features of Orion include: a fast editor for JavaScript, HTML and CSS development;  a  client-side plugin architecture, using HTML5, that allows tools written in JavaScript to be integrated into the Orion client, with JSLint and jsbeautify; and git integration that includes a new git comparison tool. Orion will be discussed at several sessions at this week&#8217;s EclipseCon in San Jose, Calif.</p>
<div class="feedflare">
<a href="http://feeds.feedburner.com/~ff/ajaxian?a=6tc9gRoTV9U:fAC2-rF7qUs:yIl2AUoC8zA"><img src="http://feeds.feedburner.com/~ff/ajaxian?d=yIl2AUoC8zA" border="0"></img></a> <a href="http://feeds.feedburner.com/~ff/ajaxian?a=6tc9gRoTV9U:fAC2-rF7qUs:7Q72WNTAKBA"><img src="http://feeds.feedburner.com/~ff/ajaxian?d=7Q72WNTAKBA" border="0"></img></a> <a href="http://feeds.feedburner.com/~ff/ajaxian?a=6tc9gRoTV9U:fAC2-rF7qUs:D7DqB2pKExk"><img src="http://feeds.feedburner.com/~ff/ajaxian?i=6tc9gRoTV9U:fAC2-rF7qUs:D7DqB2pKExk" border="0"></img></a>
</div>]]></content>
            <wfw:commentRss>http://ajaxian.com/archives/searching-for-public-orion-beta/feed</wfw:commentRss>
        <slash:comments>2</slash:comments>
        <feedburner:origLink>http://ajaxian.com/archives/searching-for-public-orion-beta</feedburner:origLink></item>
        <item>
        <title>jQuery Mobile Alpha 3 released</title>
        <link>http://feedproxy.google.com/~r/ajaxian/~3/JzuWtvZ2sZ4/jquery-mobile-alpha-3-released</link>
        <comments>http://ajaxian.com/archives/jquery-mobile-alpha-3-released#comments</comments>
        <pubDate>Sat, 05 Mar 2011 02:13:20 +0000</pubDate>
        <author>jvaughan</author>
                <category><![CDATA[Front Page]]></category>
        <category><![CDATA[jQuery]]></category>
        <category><![CDATA[Mobile]]></category>

        <guid isPermaLink="false">http://ajaxian.com/?p=10534</guid>
        <description><![CDATA[jQuery Mobile Alpha 3 increases browser support to include Firefox Mobile, Opera Mobile / Mini. Improvements reported on support for iOS, Android, BlackBerry 6, and Palm WebOS. Moreover, the Ajax navigation system has been … deeply re-factored to improve performance and handle more edge cases. This includes event handling for click, submit, and hashchange, all <a href="http://ajaxian.com/archives/jquery-mobile-alpha-3-released">Read the rest...</a>]]></description>
            <content><![CDATA[<p><a href="http://jquerymobile.com/2011/02/jquery-mobile-alpha-3-released/">jQuery Mobile Alpha 3</a> increases browser support to include Firefox Mobile, Opera Mobile / Mini. Improvements reported on support for iOS, Android, BlackBerry 6, and Palm WebOS. Moreover, the Ajax navigation system has been …</p>
<blockquote><p>deeply re-factored to improve performance and handle more edge cases. This includes event handling for click, submit, and hashchange, all of the base tag management, path management, active link class handling, etc. and better support for dialogs.</p>
</blockquote>
<p>Individuals have noted some <a href="http://forum.jquery.com/topic/breaking-changes-in-alpha-3-dialogs">breaking changes</a>  relative to early revs.</p>
<div class="feedflare">
<a href="http://feeds.feedburner.com/~ff/ajaxian?a=JzuWtvZ2sZ4:1x8tX1G6bIM:yIl2AUoC8zA"><img src="http://feeds.feedburner.com/~ff/ajaxian?d=yIl2AUoC8zA" border="0"></img></a> <a href="http://feeds.feedburner.com/~ff/ajaxian?a=JzuWtvZ2sZ4:1x8tX1G6bIM:7Q72WNTAKBA"><img src="http://feeds.feedburner.com/~ff/ajaxian?d=7Q72WNTAKBA" border="0"></img></a> <a href="http://feeds.feedburner.com/~ff/ajaxian?a=JzuWtvZ2sZ4:1x8tX1G6bIM:D7DqB2pKExk"><img src="http://feeds.feedburner.com/~ff/ajaxian?i=JzuWtvZ2sZ4:1x8tX1G6bIM:D7DqB2pKExk" border="0"></img></a>
</div>]]></content>
            <wfw:commentRss>http://ajaxian.com/archives/jquery-mobile-alpha-3-released/feed</wfw:commentRss>
        <slash:comments>0</slash:comments>
        <feedburner:origLink>http://ajaxian.com/archives/jquery-mobile-alpha-3-released</feedburner:origLink></item>
        <item>
        <title>Jdrop – JSON in the cloud</title>
        <link>http://feedproxy.google.com/~r/ajaxian/~3/ovgmz3zKu2k/jdrop-json-in-the-cloud</link>
        <comments>http://ajaxian.com/archives/jdrop-json-in-the-cloud#comments</comments>
        <pubDate>Fri, 18 Feb 2011 03:21:40 +0000</pubDate>
        <author>jvaughan</author>
                <category><![CDATA[Front Page]]></category>
        <category><![CDATA[JSON]]></category>
        <category><![CDATA[Mobile]]></category>

        <guid isPermaLink="false">http://ajaxian.com/?p=10532</guid>
        <description><![CDATA[Performance Wonk Steve Souders has announced Jdrop – described as a JSON repository in the cloud. It builds on his work with Mobile Perf javaScript meta-bookmarklets that can work as profilers for mobile devices. Bookmarklets gather data and display data. The data can be saved to Jdrop. For analysis. Souders blogs: It was pretty simple <a href="http://ajaxian.com/archives/jdrop-json-in-the-cloud">Read the rest...</a>]]></description>
            <content><![CDATA[<p>Performance Wonk <a href="http://www.stevesouders.com/blog/2011/02/16/jdrop-json-in-the-cloud/">Steve Souders has announced Jdrop</a> – described as a JSON repository in the cloud. It builds on his work with Mobile Perf javaScript meta-bookmarklets that can work as profilers for mobile devices. Bookmarklets gather data and display data. The data can be saved to Jdrop. For analysis. Souders blogs:</p>
<blockquote><p>It was pretty simple to insert a step to save the data to Jdrop. The bookmarklet’s display code is easily re-used by wrapping the data in JSON and passing it back to the display code inside Jdrop’s web page. That, in a nutshell, is Jdrop.</p>
</blockquote>
<p>Meanwhile, Thomas Fuchs has added Jdrop to his DOM Monster bookmarklet. JDrop is alpha mode, reminds Souders.</p>
<div class="feedflare">
<a href="http://feeds.feedburner.com/~ff/ajaxian?a=ovgmz3zKu2k:hwgKSvRX-vw:yIl2AUoC8zA"><img src="http://feeds.feedburner.com/~ff/ajaxian?d=yIl2AUoC8zA" border="0"></img></a> <a href="http://feeds.feedburner.com/~ff/ajaxian?a=ovgmz3zKu2k:hwgKSvRX-vw:7Q72WNTAKBA"><img src="http://feeds.feedburner.com/~ff/ajaxian?d=7Q72WNTAKBA" border="0"></img></a> <a href="http://feeds.feedburner.com/~ff/ajaxian?a=ovgmz3zKu2k:hwgKSvRX-vw:D7DqB2pKExk"><img src="http://feeds.feedburner.com/~ff/ajaxian?i=ovgmz3zKu2k:hwgKSvRX-vw:D7DqB2pKExk" border="0"></img></a>
</div>]]></content>
            <wfw:commentRss>http://ajaxian.com/archives/jdrop-json-in-the-cloud/feed</wfw:commentRss>
        <slash:comments>1</slash:comments>
        <feedburner:origLink>http://ajaxian.com/archives/jdrop-json-in-the-cloud</feedburner:origLink></item>
        <item>
        <title>Using HTML5 sensibly and multimedia on the web</title>
        <link>http://feedproxy.google.com/~r/ajaxian/~3/w7JUYmFTAHI/using-html5-sensibly-and-multimedia-on-the-web</link>
        <comments>http://ajaxian.com/archives/using-html5-sensibly-and-multimedia-on-the-web#comments</comments>
        <pubDate>Sat, 12 Feb 2011 03:29:45 +0000</pubDate>
        <author>jvaughan</author>
                <category><![CDATA[Front Page]]></category>
        <category><![CDATA[html5]]></category>

        <guid isPermaLink="false">http://ajaxian.com/?p=10526</guid>
        <description><![CDATA[It is high time developers take back HTML5 from the marketing people, says Chrisian Heilmann. &#8220;HTML5 is the evolution of our web technologies, not another flashy add-on to already badly used outdated practices,&#8221; he writes in a blog posting that includes illuminating slides. http://www.wait-till-i.com/2011/02/09/using-html5-sensibly-and-multimedia-on-the-web-speaking-at-the-london-ajax-meetup/]]></description>
            <content><![CDATA[<p>It is high time developers take back HTML5 from the marketing people, says Chrisian Heilmann. &#8220;HTML5 is the evolution of our web technologies, not another flashy add-on to already badly used outdated practices,&#8221; he writes in a blog posting that includes illuminating slides.</p>
<p><a href="http://www.wait-till-i.com/2011/02/09/using-html5-sensibly-and-multimedia-on-the-web-speaking-at-the-london-ajax-meetup/">http://www.wait-till-i.com/2011/02/09/using-html5-sensibly-and-multimedia-on-the-web-speaking-at-the-london-ajax-meetup/</a></p>
<div class="feedflare">
<a href="http://feeds.feedburner.com/~ff/ajaxian?a=w7JUYmFTAHI:kfNGgtuJymQ:yIl2AUoC8zA"><img src="http://feeds.feedburner.com/~ff/ajaxian?d=yIl2AUoC8zA" border="0"></img></a> <a href="http://feeds.feedburner.com/~ff/ajaxian?a=w7JUYmFTAHI:kfNGgtuJymQ:7Q72WNTAKBA"><img src="http://feeds.feedburner.com/~ff/ajaxian?d=7Q72WNTAKBA" border="0"></img></a> <a href="http://feeds.feedburner.com/~ff/ajaxian?a=w7JUYmFTAHI:kfNGgtuJymQ:D7DqB2pKExk"><img src="http://feeds.feedburner.com/~ff/ajaxian?i=w7JUYmFTAHI:kfNGgtuJymQ:D7DqB2pKExk" border="0"></img></a>
</div>]]></content>
            <wfw:commentRss>http://ajaxian.com/archives/using-html5-sensibly-and-multimedia-on-the-web/feed</wfw:commentRss>
        <slash:comments>1</slash:comments>
        <feedburner:origLink>http://ajaxian.com/archives/using-html5-sensibly-and-multimedia-on-the-web</feedburner:origLink></item>
        <item>
        <title>Prism work makes way for Chromeless effort</title>
        <link>http://feedproxy.google.com/~r/ajaxian/~3/FrG_-AYWD8Y/prism-work-makes-way-for-chromeless-effort</link>
        <comments>http://ajaxian.com/archives/prism-work-makes-way-for-chromeless-effort#comments</comments>
        <pubDate>Wed, 02 Feb 2011 02:50:19 +0000</pubDate>
        <author>jvaughan</author>
                <category><![CDATA[Front Page]]></category>
        <category><![CDATA[Mozilla]]></category>

        <guid isPermaLink="false">http://ajaxian.com/?p=10524</guid>
        <description><![CDATA[Mozilla Labs announced it will no longer maintain the Prism project. Attention instead will focus on the more general Chromeless project, which also is a &#8221;task-focused layer&#8221; running on top of Mozilla&#8217;s XULRunner runtime environment. In a blog entitled &#8220;Prism is now Chromeless,&#8221; Lloyd Hilaiel wrote: &#8220;The final change we’re announcing today takes the form <a href="http://ajaxian.com/archives/prism-work-makes-way-for-chromeless-effort">Read the rest...</a>]]></description>
            <content><![CDATA[<p>Mozilla Labs announced it will no longer maintain the Prism project. Attention instead will focus on the more general Chromeless project, which also is a &#8221;task-focused layer&#8221; running on top of Mozilla&#8217;s XULRunner runtime environment. In a blog entitled <a href="http://mozillalabs.com/blog/2011/02/prism-is-now-chromeless/">&#8220;Prism is now Chromeless,&#8221;</a> Lloyd Hilaiel wrote: &#8220;The final change we’re announcing today takes the form of widening of the goal of the Chromeless project, that is specifically, we now want to make it possible to build desktop applications with Web technologies. &#8220;</p>
<div class="feedflare">
<a href="http://feeds.feedburner.com/~ff/ajaxian?a=FrG_-AYWD8Y:MQJqu38TrDs:yIl2AUoC8zA"><img src="http://feeds.feedburner.com/~ff/ajaxian?d=yIl2AUoC8zA" border="0"></img></a> <a href="http://feeds.feedburner.com/~ff/ajaxian?a=FrG_-AYWD8Y:MQJqu38TrDs:7Q72WNTAKBA"><img src="http://feeds.feedburner.com/~ff/ajaxian?d=7Q72WNTAKBA" border="0"></img></a> <a href="http://feeds.feedburner.com/~ff/ajaxian?a=FrG_-AYWD8Y:MQJqu38TrDs:D7DqB2pKExk"><img src="http://feeds.feedburner.com/~ff/ajaxian?i=FrG_-AYWD8Y:MQJqu38TrDs:D7DqB2pKExk" border="0"></img></a>
</div>]]></content>
            <wfw:commentRss>http://ajaxian.com/archives/prism-work-makes-way-for-chromeless-effort/feed</wfw:commentRss>
        <slash:comments>0</slash:comments>
        <feedburner:origLink>http://ajaxian.com/archives/prism-work-makes-way-for-chromeless-effort</feedburner:origLink></item>
        <item>
        <title>HTML5 Gets a New Logo</title>
        <link>http://feedproxy.google.com/~r/ajaxian/~3/gf0k-i9Smyc/html5-gets-a-new-logo</link>
        <comments>http://ajaxian.com/archives/html5-gets-a-new-logo#comments</comments>
        <pubDate>Tue, 18 Jan 2011 15:07:06 +0000</pubDate>
        <author>Dietrich Kappe</author>
                <category><![CDATA[Announcements]]></category>
        <category><![CDATA[Front Page]]></category>
        <category><![CDATA[html5]]></category>

        <guid isPermaLink="false">http://ajaxian.com/?p=10518</guid>
        <description><![CDATA[That&#8217;s all we needed, really, a new logo. Does anyone else feel the need to have this stitched onto a leotard with a cape? ;-)]]></description>
            <content><![CDATA[<p><img src="http://ajaxian.com/wp-content/images/html5-topper.png" alt="HTML5 Logo" /></p>
<p>That&#8217;s all we needed, really, a <a href="http://www.w3.org/html/logo/" target="_blank">new logo</a>. Does anyone else feel the need to have this stitched onto a leotard with a cape? ;-)</p>
<div class="feedflare">
<a href="http://feeds.feedburner.com/~ff/ajaxian?a=gf0k-i9Smyc:426XiUYgqv8:yIl2AUoC8zA"><img src="http://feeds.feedburner.com/~ff/ajaxian?d=yIl2AUoC8zA" border="0"></img></a> <a href="http://feeds.feedburner.com/~ff/ajaxian?a=gf0k-i9Smyc:426XiUYgqv8:7Q72WNTAKBA"><img src="http://feeds.feedburner.com/~ff/ajaxian?d=7Q72WNTAKBA" border="0"></img></a> <a href="http://feeds.feedburner.com/~ff/ajaxian?a=gf0k-i9Smyc:426XiUYgqv8:D7DqB2pKExk"><img src="http://feeds.feedburner.com/~ff/ajaxian?i=gf0k-i9Smyc:426XiUYgqv8:D7DqB2pKExk" border="0"></img></a>
</div>]]></content>
            <wfw:commentRss>http://ajaxian.com/archives/html5-gets-a-new-logo/feed</wfw:commentRss>
        <slash:comments>24</slash:comments>
        <feedburner:origLink>http://ajaxian.com/archives/html5-gets-a-new-logo</feedburner:origLink></item>
        <item>
        <title>Smart GWT 2.4 Released</title>
        <link>http://feedproxy.google.com/~r/ajaxian/~3/2gcOA6PIawc/smart-gwt-2-4-released</link>
        <comments>http://ajaxian.com/archives/smart-gwt-2-4-released#comments</comments>
        <pubDate>Thu, 13 Jan 2011 17:12:38 +0000</pubDate>
        <author>Dietrich Kappe</author>
                <category><![CDATA[Front Page]]></category>
        <category><![CDATA[GWT]]></category>
        <category><![CDATA[iPhone]]></category>

        <guid isPermaLink="false">http://ajaxian.com/?p=10512</guid>
        <description><![CDATA[Smart GWT 2.4 has been released and, as expected, they are jumping on the HTML5 and iOS/Touch bandwagon. The fact that the touch support doesn&#8217;t require code changes for existing apps is most welcome. Also, the mention of the upcoming Smart GWT Mobile with &#8220;pixel perfect iOS look and feel&#8221; sounds intriguing. Many have tried, <a href="http://ajaxian.com/archives/smart-gwt-2-4-released">Read the rest...</a>]]></description>
            <content><![CDATA[<p><img src="http://code.google.com/p/smartgwt/logo?cct=1291427501" alt="Smart GWT Logo" style="align:right;padding:10px;" /></p>
<p><a href="http://code.google.com/p/smartgwt/">Smart GWT 2.4</a> has been released and, as expected, they are jumping on the HTML5 and iOS/Touch bandwagon. The fact that the touch support doesn&#8217;t require code changes for existing apps is most welcome. Also, the mention of the upcoming Smart GWT Mobile with &#8220;pixel perfect iOS look and feel&#8221; sounds intriguing. Many have tried, few have succeeded.</p>
<p>From the <a href="http://www.jroller.com/sjivan/entry/smart_gwt_2_4_released">release announcement</a>: </p>
<ul>
<li>GWT 2.1.1 Compatible</li>
<li>Smart GWT QuickStart Guide</li>
<li>Touch &#038; Mobile support : Support for iPhone, iPad and iPod touch devices with no code changes required.</li>
<li>Offline support : The Offline subsystem provides features for storing and retrieving values in persistent browser storage. It is also seamlessly integrated into the normal DataSource request/response cycle. With a single property DataSource.useOfflineStorage you can enable automatic offline caching of recently fetched data so that if a user goes offline they still have access to last data they viewed.</li>
<li>User Defined data highlighting allows users to highlight important or unusual data values in a ListGrid or TreeGrid based on dynamic user defined rules instead of hard coding such logic for background and foreground cell colors within code. A Highlight Editor allows end users to fully configure such highlight rules to customize their view of the data.</li>
<li>Advanced Hover components allows any UI component to be added as a hover, such as a grid, chart or even a layout combining several components when hovering over a ListGrid or TreeGrid row.</li>
<li>Simplicity theme : A new ultralight skin that is easily customizable and virtually image free. This can be viewed by selecting the &#8220;Simplicity&#8221; theme from the dropdown in the Showcase explorer.</li>
<li>IE Performance improvements : Performance improvements have been made across the board but some IE specific performance enhancements have been made and users can expect a significant improvement in responsiveness in IE.</li>
<li>24 hour Calendar support : The Calendar component now supports 24 hour time formatting.</li>
</ul>
<div class="feedflare">
<a href="http://feeds.feedburner.com/~ff/ajaxian?a=2gcOA6PIawc:qpUz49lTuEU:yIl2AUoC8zA"><img src="http://feeds.feedburner.com/~ff/ajaxian?d=yIl2AUoC8zA" border="0"></img></a> <a href="http://feeds.feedburner.com/~ff/ajaxian?a=2gcOA6PIawc:qpUz49lTuEU:7Q72WNTAKBA"><img src="http://feeds.feedburner.com/~ff/ajaxian?d=7Q72WNTAKBA" border="0"></img></a> <a href="http://feeds.feedburner.com/~ff/ajaxian?a=2gcOA6PIawc:qpUz49lTuEU:D7DqB2pKExk"><img src="http://feeds.feedburner.com/~ff/ajaxian?i=2gcOA6PIawc:qpUz49lTuEU:D7DqB2pKExk" border="0"></img></a>
</div>]]></content>
            <wfw:commentRss>http://ajaxian.com/archives/smart-gwt-2-4-released/feed</wfw:commentRss>
        <slash:comments>2</slash:comments>
        <feedburner:origLink>http://ajaxian.com/archives/smart-gwt-2-4-released</feedburner:origLink></item>
        <item>
        <title>People of HTML5 – Bruce Lawson</title>
        <link>http://feedproxy.google.com/~r/ajaxian/~3/V3uvPD6h05Q/people-of-html5-%e2%80%93-bruce-lawson</link>
        <comments>http://ajaxian.com/archives/people-of-html5-%e2%80%93-bruce-lawson#comments</comments>
        <pubDate>Fri, 07 Jan 2011 21:44:29 +0000</pubDate>
        <author>jvaughan</author>
                <category><![CDATA[Front Page]]></category>
        <category><![CDATA[html5]]></category>
        <category><![CDATA[Mozilla]]></category>

        <guid isPermaLink="false">http://ajaxian.com/?p=10509</guid>
        <description><![CDATA[The Mozilla folks including Mozilla Evangelist Chris Heilmann thought it a good idea to introduce some &#8220;People of HTML5,&#8221; starting with Bruce Lawson of Opera, co-author of &#8220;Introducing HTML5&#8243; and one of the curators of HTML5 Doctor.  Among the most vivid new technologies of the moment Lawson cites: …DAP (“Device APIs and Policy Working Group”). This <a href="http://ajaxian.com/archives/people-of-html5-%e2%80%93-bruce-lawson">Read the rest...</a>]]></description>
            <content><![CDATA[<p>The Mozilla folks including Mozilla Evangelist Chris Heilmann thought it a good idea to introduce some <a href="http://hacks.mozilla.org/2011/01/people-of-html5-bruce-lawson/">&#8220;People of HTML5,&#8221;</a> starting with Bruce Lawson of Opera, co-author of &#8220;Introducing HTML5&#8243; and one of the curators of HTML5 Doctor.  Among the most vivid new technologies of the moment Lawson cites:</p>
<blockquote><p><em>…DAP (“Device APIs and Policy Working Group”). This thrillingly-named set of specifications is further extending the capabilities of the Web by specifying APIs that allow access to device features like camera, contact books and calendar — much like Geolocation gives browsers access to the device’s GPS capabilities.</em></p>
</blockquote>
<p><a href="http://hacks.mozilla.org/2011/01/people-of-html5-bruce-lawson/"></a></p>
<p><a href="http://hacks.mozilla.org/2011/01/people-of-html5-bruce-lawson/">http://hacks.mozilla.org/2011/01/people-of-html5-bruce-lawson/</a></p>
<div class="feedflare">
<a href="http://feeds.feedburner.com/~ff/ajaxian?a=V3uvPD6h05Q:97PZY5lzJao:yIl2AUoC8zA"><img src="http://feeds.feedburner.com/~ff/ajaxian?d=yIl2AUoC8zA" border="0"></img></a> <a href="http://feeds.feedburner.com/~ff/ajaxian?a=V3uvPD6h05Q:97PZY5lzJao:7Q72WNTAKBA"><img src="http://feeds.feedburner.com/~ff/ajaxian?d=7Q72WNTAKBA" border="0"></img></a> <a href="http://feeds.feedburner.com/~ff/ajaxian?a=V3uvPD6h05Q:97PZY5lzJao:D7DqB2pKExk"><img src="http://feeds.feedburner.com/~ff/ajaxian?i=V3uvPD6h05Q:97PZY5lzJao:D7DqB2pKExk" border="0"></img></a>
</div>]]></content>
            <wfw:commentRss>http://ajaxian.com/archives/people-of-html5-%e2%80%93-bruce-lawson/feed</wfw:commentRss>
        <slash:comments>2</slash:comments>
        <feedburner:origLink>http://ajaxian.com/archives/people-of-html5-%e2%80%93-bruce-lawson</feedburner:origLink></item>
        <item>
        <title>Android 3.0, Honeycomb</title>
        <link>http://feedproxy.google.com/~r/ajaxian/~3/FF59wp6KWV8/android-3-0-honeycomb</link>
        <comments>http://ajaxian.com/archives/android-3-0-honeycomb#comments</comments>
        <pubDate>Fri, 07 Jan 2011 21:41:13 +0000</pubDate>
        <author>jvaughan</author>
                <category><![CDATA[Android]]></category>
        <category><![CDATA[Front Page]]></category>

        <guid isPermaLink="false">http://ajaxian.com/?p=10507</guid>
        <description><![CDATA[At the Consumer Electronic Show (CES) in Las Vegas, Google showed Android 3.0, Honeycomb. It is the next version of the Android platform, designed for devices with larger screen sizes, such as tablets.  Honeycomb is said to provide a &#8220;truly virtual and holographic user interface.&#8221;  ]]></description>
            <content><![CDATA[<p>At the Consumer Electronic Show (CES) in Las Vegas, Google showed <a href="http://googlemobile.blogspot.com/2011/01/sneak-peak-of-android-30-honeycomb.html">Android 3.0</a>, Honeycomb.</p>
<p>It is the next version of the Android platform, designed for devices with larger screen sizes, such as tablets.  Honeycomb is said to provide a &#8220;truly virtual and holographic user interface.&#8221;</p>
<p><object classid="clsid:d27cdb6e-ae6d-11cf-96b8-444553540000" width="480" height="385" codebase="http://download.macromedia.com/pub/shockwave/cabs/flash/swflash.cab#version=6,0,40,0"><param name="allowFullScreen" value="true" /><param name="allowscriptaccess" value="always" /><param name="src" value="http://www.youtube.com/v/hPUGNCIozp0?fs=1&amp;hl=en_US" /><param name="allowfullscreen" value="true" /><embed type="application/x-shockwave-flash" width="480" height="385" src="http://www.youtube.com/v/hPUGNCIozp0?fs=1&amp;hl=en_US" allowfullscreen="true" allowscriptaccess="always"></embed></object></p>
<p> </p>
<div class="feedflare">
<a href="http://feeds.feedburner.com/~ff/ajaxian?a=FF59wp6KWV8:XX6qx6s6sL0:yIl2AUoC8zA"><img src="http://feeds.feedburner.com/~ff/ajaxian?d=yIl2AUoC8zA" border="0"></img></a> <a href="http://feeds.feedburner.com/~ff/ajaxian?a=FF59wp6KWV8:XX6qx6s6sL0:7Q72WNTAKBA"><img src="http://feeds.feedburner.com/~ff/ajaxian?d=7Q72WNTAKBA" border="0"></img></a> <a href="http://feeds.feedburner.com/~ff/ajaxian?a=FF59wp6KWV8:XX6qx6s6sL0:D7DqB2pKExk"><img src="http://feeds.feedburner.com/~ff/ajaxian?i=FF59wp6KWV8:XX6qx6s6sL0:D7DqB2pKExk" border="0"></img></a>
</div>]]></content>
            <wfw:commentRss>http://ajaxian.com/archives/android-3-0-honeycomb/feed</wfw:commentRss>
        <slash:comments>3</slash:comments>
        <feedburner:origLink>http://ajaxian.com/archives/android-3-0-honeycomb</feedburner:origLink></item>
        <item>
        <title>Json.NET 4.0</title>
        <link>http://feedproxy.google.com/~r/ajaxian/~3/4bN1wi-rK2U/json-net-4-0</link>
        <comments>http://ajaxian.com/archives/json-net-4-0#comments</comments>
        <pubDate>Fri, 07 Jan 2011 21:37:37 +0000</pubDate>
        <author>jvaughan</author>
                <category><![CDATA[.NET]]></category>
        <category><![CDATA[Front Page]]></category>
        <category><![CDATA[JSON]]></category>

        <guid isPermaLink="false">http://ajaxian.com/?p=10505</guid>
        <description><![CDATA[Per James Newton, the latest Json.NET release targets .NET 4. Json.NET 4.0 comes with a Windows Phone specific dll, compiled using Windows Phone tools. A .NET 4 feature employed is the dynamic keyword, which allows variables and members to be statically typed as dynamic.  Json.NET 4.0 adds support for dynamic keywords in a couple of <a href="http://ajaxian.com/archives/json-net-4-0">Read the rest...</a>]]></description>
            <content><![CDATA[<p>Per <a href="http://james.newtonking.com">James Newton</a>, the latest Json.NET release targets .NET 4. <a href="http://james.newtonking.com/archive/2011/01/03/json-net-4-0-release-1-net-4-and-windows-phone-support.aspx">Json.NET 4.0</a> comes with a Windows Phone specific dll, compiled using Windows Phone tools. A .NET 4 feature employed is the dynamic keyword, which allows variables and members to be statically typed as dynamic.  Json.NET 4.0 adds support for dynamic keywords in a couple of areas.</p>
<blockquote><p><em>The first and less visible of the two is in the JsonSerializer. Because there is no static list of fields or properties for a dynamic type the serializer interrogates the value for its members prior to serializing and deserializing. The end result is serializing should Just Work for any type that implements IDynamicMetaObjectProvider.</em></p>
</blockquote>
<div class="feedflare">
<a href="http://feeds.feedburner.com/~ff/ajaxian?a=4bN1wi-rK2U:NRLzgnyj3ds:yIl2AUoC8zA"><img src="http://feeds.feedburner.com/~ff/ajaxian?d=yIl2AUoC8zA" border="0"></img></a> <a href="http://feeds.feedburner.com/~ff/ajaxian?a=4bN1wi-rK2U:NRLzgnyj3ds:7Q72WNTAKBA"><img src="http://feeds.feedburner.com/~ff/ajaxian?d=7Q72WNTAKBA" border="0"></img></a> <a href="http://feeds.feedburner.com/~ff/ajaxian?a=4bN1wi-rK2U:NRLzgnyj3ds:D7DqB2pKExk"><img src="http://feeds.feedburner.com/~ff/ajaxian?i=4bN1wi-rK2U:NRLzgnyj3ds:D7DqB2pKExk" border="0"></img></a>
</div>]]></content>
            <wfw:commentRss>http://ajaxian.com/archives/json-net-4-0/feed</wfw:commentRss>
        <slash:comments>0</slash:comments>
        <feedburner:origLink>http://ajaxian.com/archives/json-net-4-0</feedburner:origLink></item>
        <item>
        <title>New Version of qooxdoo out the door. v1.3 == New Features, v1.2.2 == Bug Fixes</title>
        <link>http://feedproxy.google.com/~r/ajaxian/~3/B1mJGkrwxJQ/new-version-of-qooxdoo-out-the-door-v1-3-new-features-v1-2-2-bug-fixes</link>
        <comments>http://ajaxian.com/archives/new-version-of-qooxdoo-out-the-door-v1-3-new-features-v1-2-2-bug-fixes#comments</comments>
        <pubDate>Thu, 09 Dec 2010 16:43:19 +0000</pubDate>
        <author>Rey Bango</author>
                <category><![CDATA[Front Page]]></category>
        <category><![CDATA[Qooxdoo]]></category>

        <guid isPermaLink="false">http://ajaxian.com/?p=10494</guid>
        <description><![CDATA[The Open Source JavaScript framework qooxdoo just shipped two new releases 1.2.2 and 1.3. While the first one is a regular bugfix release, the latter one includes substantial improvements across almost the entire range of the framework. Some highlights of the 1.3 release: New virtual List widget to visualize even huge data sets with supports <a href="http://ajaxian.com/archives/new-version-of-qooxdoo-out-the-door-v1-3-new-features-v1-2-2-bug-fixes">Read the rest...</a>]]></description>
            <content><![CDATA[<p>The Open Source JavaScript framework <a href="http://qooxdoo.org">qooxdoo</a> just <a href="http://news.qooxdoo.org/qooxdoo-1-3-and-1-2-2-released">shipped two new releases 1.2.2 and 1.3</a>. While the first one is a regular bugfix release, the latter one includes substantial improvements across almost the entire range of the framework. Some highlights of the 1.3 release:</p>
<ul>
<li>New <a href="http://manual.qooxdoo.org/1.3/pages/widget/virtuallist.html">virtual List widget</a> to visualize even huge data sets with supports advanced features such as single and multiselection, filtering, sorting and grouping, custom renderers</li>
<li>New widgets and UI features (Tri-state CheckBox, ProgressBar, Toolbar with overflow handling, &#8230;)</li>
<li>New experimental unit test runner with lightweight UI called <a href="http://manual.qooxdoo.org/1.3/pages/development/frame_apps_testrunner.html#test-runner-2-experimental">Testrunner2</a></li>
<li>Support for touch-enabled devices</li>
<li>Deep integration of automated GUI testing with Selenium</li>
<li>New qx-oo package for non-browser environments like Rhino or node.js</li>
<li>More than 360 bugfixes and enhancements over the previous release</li>
</ul>
<p>You can see lots of screenshots of these new controls and test out the features <a href="http://news.qooxdoo.org/qooxdoo-1-3-and-1-2-2-released">at the qooxdoo blog</a>.</p>
<div class="feedflare">
<a href="http://feeds.feedburner.com/~ff/ajaxian?a=B1mJGkrwxJQ:tz42YIH7wHE:yIl2AUoC8zA"><img src="http://feeds.feedburner.com/~ff/ajaxian?d=yIl2AUoC8zA" border="0"></img></a> <a href="http://feeds.feedburner.com/~ff/ajaxian?a=B1mJGkrwxJQ:tz42YIH7wHE:7Q72WNTAKBA"><img src="http://feeds.feedburner.com/~ff/ajaxian?d=7Q72WNTAKBA" border="0"></img></a> <a href="http://feeds.feedburner.com/~ff/ajaxian?a=B1mJGkrwxJQ:tz42YIH7wHE:D7DqB2pKExk"><img src="http://feeds.feedburner.com/~ff/ajaxian?i=B1mJGkrwxJQ:tz42YIH7wHE:D7DqB2pKExk" border="0"></img></a>
</div>]]></content>
            <wfw:commentRss>http://ajaxian.com/archives/new-version-of-qooxdoo-out-the-door-v1-3-new-features-v1-2-2-bug-fixes/feed</wfw:commentRss>
        <slash:comments>8</slash:comments>
        <feedburner:origLink>http://ajaxian.com/archives/new-version-of-qooxdoo-out-the-door-v1-3-new-features-v1-2-2-bug-fixes</feedburner:origLink></item>
    </channel>
</rss>
