<?xml version="1.0" encoding="UTF-8"?>
<soap:Envelope xmlns:soap="http://schemas.xmlsoap.org/soap/envelope/">
    <soap:Body>
        <m:ItemSearchResponse xmlns:m="http://webservices.amazon.com/AWSECommerceService/2006-06-28">
            <m:Items>
                <m:Request>
                    <m:IsValid>True</m:IsValid>
                    <m:ItemSearchRequest>
                        <m:Author>Sidney Sheldon</m:Author>
                        <m:SearchIndex>Books</m:SearchIndex>
                    </m:ItemSearchRequest>
                </m:Request>
                <m:TotalResults>203</m:TotalResults>
                <m:TotalPages>21</m:TotalPages>
                <m:Item>
                    <m:ASIN>0446355453</m:ASIN>
                    <m:DetailPageURL>
                        http://www.amazon.com/gp/redirect.html%3FASIN=0446355453%26tag=ws%26lcode=xm2%26cID=2025%26ccmID=165953%26location=/o/ASIN/0446355453%253FSubscriptionId=1A7XKHR5BYD0WPJVQEG2
                    </m:DetailPageURL>
                    <m:ItemAttributes>
                        <m:Author>Sidney Sheldon</m:Author>
                        <m:Manufacturer>Warner Books</m:Manufacturer>
                        <m:ProductGroup>Book</m:ProductGroup>
                        <m:Title>Master of the Game</m:Title>
                    </m:ItemAttributes>
                </m:Item>
                <m:Item>
                    <m:ASIN>0446613657</m:ASIN>
                    <m:DetailPageURL>
                        http://www.amazon.com/gp/redirect.html%3FASIN=0446613657%26tag=ws%26lcode=xm2%26cID=2025%26ccmID=165953%26location=/o/ASIN/0446613657%253FSubscriptionId=1A7XKHR5BYD0WPJVQEG2
                    </m:DetailPageURL>
                    <m:ItemAttributes>
                        <m:Author>Sidney Sheldon</m:Author>
                        <m:Manufacturer>Warner Books</m:Manufacturer>
                        <m:ProductGroup>Book</m:ProductGroup>
                        <m:Title>Are You Afraid of the Dark?</m:Title>
                    </m:ItemAttributes>
                </m:Item>
                <m:Item>
                    <m:ASIN>0446357421</m:ASIN>
                    <m:DetailPageURL>
                        http://www.amazon.com/gp/redirect.html%3FASIN=0446357421%26tag=ws%26lcode=xm2%26cID=2025%26ccmID=165953%26location=/o/ASIN/0446357421%253FSubscriptionId=1A7XKHR5BYD0WPJVQEG2
                    </m:DetailPageURL>
                    <m:ItemAttributes>
                        <m:Author>Sidney Sheldon</m:Author>
                        <m:Manufacturer>Warner Books</m:Manufacturer>
                        <m:ProductGroup>Book</m:ProductGroup>
                        <m:Title>If Tomorrow Comes</m:Title>
                    </m:ItemAttributes>
                </m:Item>
                <m:Item>
                    <m:ASIN>0446607207</m:ASIN>
                    <m:DetailPageURL>
                        http://www.amazon.com/gp/redirect.html%3FASIN=0446607207%26tag=ws%26lcode=xm2%26cID=2025%26ccmID=165953%26location=/o/ASIN/0446607207%253FSubscriptionId=1A7XKHR5BYD0WPJVQEG2
                    </m:DetailPageURL>
                    <m:ItemAttributes>
                        <m:Author>Sidney Sheldon</m:Author>
                        <m:Manufacturer>Warner Vision</m:Manufacturer>
                        <m:ProductGroup>Book</m:ProductGroup>
                        <m:Title>Tell Me Your Dreams</m:Title>
                    </m:ItemAttributes>
                </m:Item>
                <m:Item>
                    <m:ASIN>0446357448</m:ASIN>
                    <m:DetailPageURL>
                        http://www.amazon.com/gp/redirect.html%3FASIN=0446357448%26tag=ws%26lcode=xm2%26cID=2025%26ccmID=165953%26location=/o/ASIN/0446357448%253FSubscriptionId=1A7XKHR5BYD0WPJVQEG2
                    </m:DetailPageURL>
                    <m:ItemAttributes>
                        <m:Author>Sidney Sheldon</m:Author>
                        <m:Manufacturer>Warner Books</m:Manufacturer>
                        <m:ProductGroup>Book</m:ProductGroup>
                        <m:Title>Bloodline</m:Title>
                    </m:ItemAttributes>
                </m:Item>
                <m:Item>
                    <m:ASIN>0446532673</m:ASIN>
                    <m:DetailPageURL>
                        http://www.amazon.com/gp/redirect.html%3FASIN=0446532673%26tag=ws%26lcode=xm2%26cID=2025%26ccmID=165953%26location=/o/ASIN/0446532673%253FSubscriptionId=1A7XKHR5BYD0WPJVQEG2
                    </m:DetailPageURL>
                    <m:ItemAttributes>
                        <m:Author>Sidney Sheldon</m:Author>
                        <m:Manufacturer>Warner Books</m:Manufacturer>
                        <m:ProductGroup>Book</m:ProductGroup>
                        <m:Title>The Other Side of Me</m:Title>
                    </m:ItemAttributes>
                </m:Item>
                <m:Item>
                    <m:ASIN>0446356573</m:ASIN>
                    <m:DetailPageURL>
                        http://www.amazon.com/gp/redirect.html%3FASIN=0446356573%26tag=ws%26lcode=xm2%26cID=2025%26ccmID=165953%26location=/o/ASIN/0446356573%253FSubscriptionId=1A7XKHR5BYD0WPJVQEG2
                    </m:DetailPageURL>
                    <m:ItemAttributes>
                        <m:Author>Sidney Sheldon</m:Author>
                        <m:Manufacturer>Warner Books</m:Manufacturer>
                        <m:ProductGroup>Book</m:ProductGroup>
                        <m:Title>A Stranger in the Mirror</m:Title>
                    </m:ItemAttributes>
                </m:Item>
                <m:Item>
                    <m:ASIN>0060198346</m:ASIN>
                    <m:DetailPageURL>
                        http://www.amazon.com/gp/redirect.html%3FASIN=0060198346%26tag=ws%26lcode=xm2%26cID=2025%26ccmID=165953%26location=/o/ASIN/0060198346%253FSubscriptionId=1A7XKHR5BYD0WPJVQEG2
                    </m:DetailPageURL>
                    <m:ItemAttributes>
                        <m:Author>Sidney Sheldon</m:Author>
                        <m:Manufacturer>William Morrow &amp; Company</m:Manufacturer>
                        <m:ProductGroup>Book</m:ProductGroup>
                        <m:Title>The Sky Is Falling</m:Title>
                    </m:ItemAttributes>
                </m:Item>
                <m:Item>
                    <m:ASIN>0446354732</m:ASIN>
                    <m:DetailPageURL>
                        http://www.amazon.com/gp/redirect.html%3FASIN=0446354732%26tag=ws%26lcode=xm2%26cID=2025%26ccmID=165953%26location=/o/ASIN/0446354732%253FSubscriptionId=1A7XKHR5BYD0WPJVQEG2
                    </m:DetailPageURL>
                    <m:ItemAttributes>
                        <m:Author>Sidney Sheldon</m:Author>
                        <m:Manufacturer>Warner Books</m:Manufacturer>
                        <m:ProductGroup>Book</m:ProductGroup>
                        <m:Title>Nothing Lasts Forever</m:Title>
                    </m:ItemAttributes>
                </m:Item>
                <m:Item>
                    <m:ASIN>0446341916</m:ASIN>
                    <m:DetailPageURL>
                        http://www.amazon.com/gp/redirect.html%3FASIN=0446341916%26tag=ws%26lcode=xm2%26cID=2025%26ccmID=165953%26location=/o/ASIN/0446341916%253FSubscriptionId=1A7XKHR5BYD0WPJVQEG2
                    </m:DetailPageURL>
                    <m:ItemAttributes>
                        <m:Author>Sidney Sheldon</m:Author>
                        <m:Manufacturer>Warner Books</m:Manufacturer>
                        <m:ProductGroup>Book</m:ProductGroup>
                        <m:Title>The Naked Face</m:Title>
                    </m:ItemAttributes>
                </m:Item>
            </m:Items>
        </m:ItemSearchResponse>
    </soap:Body>
</soap:Envelope>